date,close,volume,open,high,low
11/7/16,17.01,91477200,16.86,17.04,16.85
11/4/16,16.55,82301190,16.53,16.71,16.3535
11/3/16,16.48,69544300,16.475,16.67,16.45
11/2/16,16.48,83952210,16.46,16.56,16.28
11/1/16,16.61,88459580,16.56,16.75,16.33
10/31/16,16.5,70304620,16.68,16.73,16.5
10/28/16,16.68,115048600,16.95,16.98,16.5
10/27/16,16.91,97832340,16.95,17.1,16.8644
10/26/16,16.87,58374650,16.64,16.87,16.62
10/25/16,16.72,49148130,16.71,16.82,16.68
10/24/16,16.77,68020520,16.75,16.8,16.61
10/21/16,16.67,77120540,16.46,16.67,16.4
10/20/16,16.56,88018040,16.45,16.63,16.41
10/19/16,16.47,97756510,16.3,16.53,16.28
10/18/16,16.26,71285410,16.19,16.27,16.11
10/17/16,16.05,101364400,16.17,16.195,15.9
10/14/16,16,108415200,16.15,16.23,15.94
10/13/16,15.83,78273640,16.09,16.09,15.6
10/12/16,16.03,66732500,16.09,16.24,16.01
10/11/16,16.11,76985220,16.26,16.33,16.025
10/10/16,16.3,63424070,16.215,16.4,16.185
10/7/16,16.13,99345410,16.19,16.25,15.98
10/6/16,16.22,75810060,16.17,16.23,16.035
10/5/16,16.11,85966080,15.96,16.23,15.96
10/4/16,15.8,98258480,15.7,16.05,15.67
10/3/16,15.63,69704340,15.59,15.73,15.5
9/30/16,15.65,119282800,15.26,15.73,15.17
9/29/16,15.16,78612500,15.38,15.5,15.06
9/28/16,15.38,65917160,15.36,15.39,15.15
9/27/16,15.29,81721530,15.01,15.34,14.81
9/26/16,15.09,94896990,15.4,15.44,15.02
9/23/16,15.52,51518640,15.53,15.67,15.5
9/22/16,15.6,75441030,15.69,15.71,15.5
9/21/16,15.65,95386000,15.71,15.83,15.39
9/20/16,15.6,68163650,15.74,15.76,15.51
9/19/16,15.59,66119120,15.55,15.78,15.55
9/16/16,15.49,89639580,15.66,15.68,15.48
9/15/16,15.67,67725620,15.64,15.745,15.58
9/14/16,15.63,75457300,15.67,15.84,15.56
9/13/16,15.72,89168790,15.67,15.86,15.55
9/12/16,15.9,109631500,15.65,15.94,15.48
9/9/16,15.74,131958500,15.91,16.15,15.74
9/8/16,15.86,69114840,15.77,15.94,15.68
9/7/16,15.7,63249180,15.72,15.85,15.65
9/6/16,15.78,96390360,16.05,16.06,15.7
9/2/16,16,100750500,15.94,16.06,15.82
9/1/16,15.98,128738000,16.15,16.15,15.75
8/31/16,16.14,127498100,16.21,16.24,15.88
8/30/16,16.19,121001200,15.87,16.23,15.8
8/29/16,15.84,120014900,15.81,16.01,15.775
8/26/16,15.79,126442200,15.61,15.9,15.58
8/25/16,15.53,67582070,15.42,15.54,15.4
8/24/16,15.4,65339410,15.37,15.5,15.36
8/23/16,15.35,67754690,15.26,15.41,15.26
8/22/16,15.18,60864460,15.2,15.25,15.12
8/19/16,15.22,58854230,15.13,15.25,15.05
8/18/16,15.16,62757720,15.11,15.24,15.06
8/17/16,15.15,93366220,15.16,15.24,15.08
8/16/16,15.17,80209200,14.97,15.19,14.93
8/15/16,15.02,48498850,14.97,15.03,14.945
8/12/16,14.91,62897640,14.77,14.91,14.7
8/11/16,14.88,68891590,14.83,14.97,14.745
8/10/16,14.81,78892040,15.16,15.18,14.78
8/9/16,15.19,49923750,15.11,15.19,15.07
8/8/16,15.13,71930330,15.08,15.17,14.92
8/5/16,15.05,120837900,14.75,15.06,14.75
8/4/16,14.48,46142310,14.48,14.54,14.36
8/3/16,14.48,65148950,14.11,14.48,14.095
8/2/16,14.13,83679170,14.28,14.45,14.09
8/1/16,14.33,61203560,14.52,14.6,14.26
7/29/16,14.49,63245740,14.56,14.7,14.48
7/28/16,14.68,71904250,14.57,14.69,14.46
7/27/16,14.63,100927300,14.57,14.7,14.45
7/26/16,14.53,60098630,14.32,14.55,14.31
7/25/16,14.37,46329880,14.31,14.39,14.28
7/22/16,14.38,46554000,14.26,14.4,14.18
7/21/16,14.27,70864620,14.43,14.47,14.26
7/20/16,14.4,79163080,14.35,14.43,14.26
7/19/16,14.26,96835220,14.06,14.37,14.03
7/18/16,14.11,186933300,13.84,14.23,13.82
7/15/16,13.66,78258160,13.78,13.79,13.52
7/14/16,13.65,97632750,13.73,13.78,13.64
7/13/16,13.44,74272140,13.5,13.58,13.32
7/12/16,13.54,88983370,13.41,13.6,13.4
7/11/16,13.21,66887120,13.29,13.4,13.2
7/8/16,13.17,92668480,13.28,13.32,13.11
7/7/16,13.01,101017200,12.865,13.11,12.84
7/6/16,12.86,94898140,12.52,12.92,12.45
7/5/16,12.74,98101900,12.93,12.94,12.63
7/1/16,13.1,88737270,13.19,13.27,13.02
6/30/16,13.27,125386100,13.37,13.38,13.07
6/29/16,13.19,117935900,13.07,13.22,12.92
6/28/16,12.7,149872100,12.57,12.72,12.35
6/27/16,12.18,259474300,12.77,12.77,12.05
6/24/16,13,231071000,13.05,13.44,12.97
6/23/16,14.04,81311890,13.84,14.05,13.82
6/22/16,13.61,77823320,13.6,13.78,13.59
6/21/16,13.62,73670200,13.615,13.65,13.445
6/20/16,13.54,89823860,13.74,13.85,13.51
6/17/16,13.4,88910130,13.38,13.53,13.28
6/16/16,13.31,89970980,13.23,13.33,13.02
6/15/16,13.34,100540300,13.38,13.66,13.28
6/14/16,13.26,85085740,13.56,13.7262,13.17
6/13/16,13.6,74705700,13.64,13.9051,13.58
6/10/16,13.83,90635470,13.98,14,13.75
6/9/16,14.19,74746450,14.32,14.32,14.08
6/8/16,14.43,58228540,14.35,14.46,14.3
6/7/16,14.35,67340960,14.54,14.6,14.34
6/6/16,14.52,80928290,14.44,14.7,14.37
6/3/16,14.42,148521100,14.46,14.5,14.19
6/2/16,14.94,64282980,14.95,14.98,14.77
6/1/16,14.86,62427400,14.6,14.9,14.45
5/31/16,14.79,85570220,15.03,15.05,14.73
5/27/16,14.88,62355770,14.76,14.88,14.69
5/26/16,14.7,65246000,14.98,14.99,14.69
5/25/16,14.92,123492300,14.83,15.15,14.83
5/24/16,14.68,96095860,14.6,14.75,14.53
5/23/16,14.47,66191090,14.54,14.6,14.4
5/20/16,14.52,79843560,14.64,14.7,14.43
5/19/16,14.53,105996900,14.595,14.865,14.43
5/18/16,14.69,151576800,14.02,14.75,14.01
5/17/16,14.01,76192380,13.89,14.13,13.82
5/16/16,13.93,57748070,13.82,14.02,13.8
5/13/16,13.88,86121120,14.15,14.37,13.87
5/12/16,14.14,72218820,14.3,14.47,14.05
5/11/16,14.2,67987170,14.25,14.5,14.19
5/10/16,14.3,59776600,14.08,14.33,14.05
5/9/16,13.99,55217800,14.08,14.19,13.91
5/6/16,14.11,76502740,13.83,14.14,13.8
5/5/16,14.05,73006460,14.15,14.32,14
5/4/16,14.13,99169850,14.09,14.27,14
5/3/16,14.36,110455800,14.51,14.51,14.15
5/2/16,14.77,68815480,14.58,14.78,14.4
4/29/16,14.56,121976000,14.73,14.85,14.43
4/28/16,14.79,78393800,14.92,15.08,14.76
4/27/16,15.02,115640200,15.02,15.3,14.98
4/26/16,15.09,84646490,15.02,15.14,14.8
4/25/16,14.96,70370330,15.02,15.14,14.81
4/22/16,15.11,83383970,14.865,15.14,14.865
4/21/16,14.9,121386000,14.98,15.135,14.75
4/20/16,14.93,115129200,14.56,14.94,14.53
4/19/16,14.45,106939900,14.26,14.54,14.24
4/18/16,14.17,80474470,13.85,14.24,13.82
4/15/16,14,87734550,14.27,14.29,13.95
4/14/16,14.14,179171200,13.71,14.28,13.7
4/13/16,13.79,138317300,13.55,13.85,13.53
4/12/16,13.27,100407600,13,13.33,12.93
4/11/16,12.97,79223250,12.92,13.09,12.88
4/8/16,12.88,76364200,13.03,13.14,12.86
4/7/16,12.85,105530000,13.15,13.205,12.75
4/6/16,13.27,62488360,13.2,13.3,13.11
4/5/16,13.19,78328380,13.3,13.34,13.16
4/4/16,13.51,59440690,13.54,13.65,13.41
4/1/16,13.56,73067950,13.47,13.65,13.32
3/31/16,13.52,79559360,13.49,13.71,13.45
3/30/16,13.48,85794070,13.49,13.66,13.46
3/29/16,13.42,101407200,13.54,13.54,13.26
3/28/16,13.62,54391470,13.73,13.74,13.54
3/24/16,13.68,94687490,13.41,13.69,13.27
3/23/16,13.62,95662370,13.77,13.83,13.6
3/22/16,13.76,83119930,13.67,13.84,13.63
3/21/16,13.84,104485300,13.8,14.03,13.72
3/18/16,13.79,146290900,13.68,13.88,13.55
3/17/16,13.4,122045500,13.22,13.475,13.05
3/16/16,13.31,149392200,13.51,13.81,13.09
3/15/16,13.57,80209530,13.51,13.6,13.39
3/14/16,13.64,87602060,13.72,13.74,13.49
3/11/16,13.79,120303200,13.44,13.84,13.37
3/10/16,13.27,123437800,13.23,13.4,13
3/9/16,13.14,92084870,13.17,13.27,13
3/8/16,13.06,125564000,13.4,13.465,13.05
3/7/16,13.53,97415730,13.45,13.62,13.37
3/4/16,13.54,171197200,13.76,13.89,13.49
3/3/16,13.5,104873500,13.38,13.55,13.25
3/2/16,13.41,139449400,13.2,13.51,13.13
3/1/16,13.19,153349700,12.64,13.21,12.62
2/29/16,12.52,123395500,12.7,12.86,12.51
2/26/16,12.7,160176400,12.49,12.95,12.4
2/25/16,12.32,102988000,12.14,12.33,12.09
2/24/16,12.13,159349600,11.96,12.15,11.65
2/23/16,12.16,104349200,12.47,12.475,12.1
2/22/16,12.54,88702060,12.38,12.54,12.36
2/19/16,12.13,120807400,12.22,12.24,11.98
2/18/16,12.24,161326200,12.71,12.74,12.1
2/17/16,12.56,219606600,12.57,12.69,12.47
2/16/16,12.25,192765400,12.38,12.39,12.11
2/12/16,11.95,245272900,11.48,12.03,11.4
2/11/16,11.16,374332300,11.46,11.55,10.99
2/10/16,11.98,227235300,12.42,12.54,11.91
2/9/16,12.2,247108400,11.99,12.43,11.96
2/8/16,12.27,221107400,12.67,12.7,12.13
2/5/16,12.95,125724500,13.32,13.3898,12.89
2/4/16,13.25,179303300,12.89,13.59,12.885
2/3/16,13.03,257502600,13.28,13.29,12.52
2/2/16,13.23,146839600,13.74,13.745,13.13
2/1/16,13.96,105385100,14.05,14.09,13.8
1/29/16,14.14,159655100,13.66,14.15,13.59
1/28/16,13.53,110831100,13.59,13.705,13.26
1/27/16,13.36,123807100,13.2,13.73,13.19
1/26/16,13.31,124049500,13.07,13.35,13.04
1/25/16,12.96,186175300,13.54,13.55,12.94
1/22/16,13.56,169821700,13.65,13.72,13.47
1/21/16,13.36,188554900,13.67,13.84,13.25
1/20/16,13.69,249827500,13.79,14,13.27
1/19/16,14.24,185473500,14.69,14.79,14.01
1/15/16,14.46,171801000,14.41,14.66,14.13
1/14/16,14.99,125697000,15.01,15.2,14.65
1/13/16,14.9,119128500,15.47,15.52,14.85
1/12/16,15.31,99862770,15.54,15.58,15.06
1/11/16,15.31,104440200,15.26,15.37,14.94
1/8/16,15.2,124541200,15.94,15.94,15.16
1/7/16,15.5,115977500,15.73,15.9,15.44
1/6/16,16.08,102519300,16.19,16.29,16.02
1/5/16,16.43,66535220,16.52,16.59,16.23
1/4/16,16.43,114793800,16.45,16.49,16.25
12/31/15,16.83,47071400,17.01,17.07,16.83
12/30/15,17.05,34999050,17.2,17.24,17.04
12/29/15,17.28,45620650,17.25,17.35,17.16
12/28/15,17.13,41739330,17.22,17.23,16.98
12/24/15,17.27,29373420,17.32,17.38,17.22
12/23/15,17.34,65638660,17.16,17.34,17.095
12/22/15,17.08,56125740,17.05,17.11,16.85
12/21/15,16.97,65011370,16.98,17.0299,16.77
12/18/15,16.76,136309200,17.19,17.265,16.76
12/17/15,17.3,97088400,17.8,17.83,17.3
12/16/15,17.75,171365900,17.65,17.78,17.23
12/15/15,17.42,99580910,17.02,17.49,16.99
12/14/15,16.8,120893600,16.76,16.89,16.495
12/11/15,16.73,91345120,16.97,17.06,16.64
12/10/15,17.2,68363300,17.15,17.41,16.96
12/9/15,17.1,82346850,17.11,17.38,16.87
12/8/15,17.19,84729780,17.39,17.459,17.13
12/7/15,17.54,81546550,17.79,17.8,17.44
12/4/15,17.8,102994000,17.44,17.83,17.38
12/3/15,17.3,95705130,17.68,17.765,17.25
12/2/15,17.62,76724850,17.88,17.89,17.55
12/1/15,17.81,74250810,17.52,17.81,17.48
11/30/15,17.43,60972860,17.48,17.58,17.42
11/27/15,17.48,22937530,17.46,17.5,17.33
11/25/15,17.44,34866980,17.51,17.57,17.41
11/24/15,17.47,58711140,17.26,17.57,17.25
11/23/15,17.47,50347710,17.62,17.73,17.46
11/20/15,17.65,56123330,17.81,17.8326,17.59
11/19/15,17.69,51591210,17.78,17.85,17.62
11/18/15,17.84,85447110,17.43,17.87,17.43
11/17/15,17.42,70437910,17.5,17.6,17.34
11/16/15,17.43,70176000,17.13,17.46,17.01
11/13/15,17.2,103364800,17.13,17.31,17.09
11/12/15,17.37,76907010,17.58,17.63,17.35
11/11/15,17.75,59163920,17.99,17.99,17.68
11/10/15,17.85,59794250,17.63,17.94,17.56
11/9/15,17.68,129793500,18.03,18.08,17.56
11/6/15,17.95,157934400,17.84,18.09,17.76
11/5/15,17.31,85423460,17.03,17.37,17.03
11/4/15,17.01,78675450,17.3,17.31,16.96
11/3/15,17.18,66092440,17.01,17.26,16.99
11/2/15,17.06,56789550,16.9,17.14,16.87
10/30/15,16.78,87447980,17.18,17.18,16.76
10/29/15,17.09,95403840,17.16,17.44,16.97
10/28/15,17.28,147501500,16.45,17.31,16.445
10/27/15,16.4,56133400,16.4,16.47,16.3
10/26/15,16.51,67662090,16.52,16.55,16.34
10/23/15,16.52,82211630,16.29,16.55,16.25
10/22/15,16.16,73976470,16,16.2,15.995
10/21/15,15.9,64742400,16.26,16.29,15.9
10/20/15,16.2,50722530,16.16,16.29,16.1
10/19/15,16.14,62916590,16,16.21,15.98
10/16/15,16.12,66907310,16.285,16.29,16.03
10/15/15,16.19,126781300,15.81,16.28,15.72
10/14/15,15.64,122070900,15.77,15.92,15.55
10/13/15,15.52,73513830,15.45,15.59,15.4
10/12/15,15.52,50634800,15.6,15.62,15.43
10/9/15,15.58,76554410,15.75,15.82,15.5
10/8/15,15.75,79009890,15.72,15.78,15.51
10/7/15,15.75,66889610,15.78,15.93,15.57
10/6/15,15.69,67403330,15.68,15.82,15.57
10/5/15,15.69,75104400,15.45,15.79,15.44
10/2/15,15.38,181671500,15.08,15.38,14.63
10/1/15,15.55,71171910,15.52,15.64,15.36
9/30/15,15.58,71276100,15.55,15.6,15.32
9/29/15,15.35,79642110,15.5,15.53,15.25
9/28/15,15.47,91199550,15.79,15.82,15.38
9/25/15,15.89,88457780,15.88,16.02,15.81
9/24/15,15.55,99245680,15.535,15.62,15.4
9/23/15,15.72,77975030,15.6,15.85,15.58
9/22/15,15.57,92206380,15.49,15.58,15.45
9/21/15,15.7,60509230,15.67,15.75,15.57
9/18/15,15.56,136319200,15.68,15.71,15.5
9/17/15,15.86,118522600,16.29,16.48,15.78
9/16/15,16.33,83606390,16.35,16.39,16.09
9/15/15,16.31,61889060,16.04,16.39,16.0101
9/14/15,15.96,50365990,15.97,16.07,15.9
9/11/15,16.04,54176100,15.99,16.06,15.9
9/10/15,16.04,70922690,15.87,16.11,15.81
9/9/15,15.9,70213800,16.37,16.46,15.83
9/8/15,16.16,73774190,15.96,16.16,15.9
9/4/15,15.65,104340100,15.79,15.86,15.5
9/3/15,15.94,77039090,15.97,16.1899,15.87
9/2/15,15.85,74660640,15.82,15.86,15.57
9/1/15,15.58,118866700,15.95,16.05,15.46
8/31/15,16.34,66506990,16.33,16.375,16.18
8/28/15,16.36,75702330,16.4,16.44,16.2
8/27/15,16.44,123125300,16.38,16.45,16.09
8/26/15,16.06,173763700,15.81,16.06,15.335
8/25/15,15.26,192928600,16.2,16.205,15.25
8/24/15,15.29,214545400,15.02,15.98,14.6
8/21/15,16.1,148345500,16.195,16.66,16.1
8/20/15,16.72,148848700,17.19,17.2,16.72
8/19/15,17.46,78485520,17.55,17.69,17.44
8/18/15,17.69,50279620,17.72,17.9,17.65
8/17/15,17.77,42263570,17.61,17.81,17.56
8/14/15,17.7,52669720,17.57,17.7,17.54
8/13/15,17.62,67360450,17.56,17.69,17.44
8/12/15,17.52,143100100,17.62,17.645,17.02
8/11/15,17.79,65716900,17.85,17.97,17.72
8/10/15,18.04,65730310,17.87,18.05,17.86
8/7/15,17.75,70952440,17.92,18.07,17.6
8/6/15,17.81,47576050,17.91,17.975,17.77
8/5/15,17.87,65155800,17.93,18.045,17.8
8/4/15,17.8,69606980,17.79,17.93,17.71
8/3/15,17.77,62183860,17.91,17.965,17.64
7/31/15,17.88,66741340,18.03,18.06,17.86
7/30/15,18.13,65597770,18.2,18.29,18.05
7/29/15,18.16,96199620,17.95,18.2,17.92
7/28/15,17.88,82013030,17.79,17.89,17.6
7/27/15,17.67,93102550,17.66,17.78,17.5
7/24/15,17.9,84300970,18.2,18.23,17.84
7/23/15,18.18,103468000,18.39,18.43,18.08
7/22/15,18.45,109810900,18.03,18.48,18.03
7/21/15,18.08,63443700,18.11,18.17,18.02
7/20/15,18.12,71880600,18.15,18.23,18.08
7/17/15,18.1,96718550,17.96,18.16,17.89
7/16/15,17.95,116855700,17.91,18.07,17.86
7/15/15,17.68,172897200,17.53,17.85,17.49
7/14/15,17.13,69791670,16.93,17.15,16.86
7/13/15,17.02,67820860,16.97,17.05,16.9
7/10/15,16.7,72871760,16.795,16.84,16.66
7/9/15,16.48,81290770,16.53,16.72,16.45
7/8/15,16.25,82834190,16.42,16.5,16.22
7/7/15,16.69,115201600,16.9,16.93,16.34
7/6/15,16.94,58577650,16.78,17.01,16.71
7/2/15,17.03,64658620,17.16,17.21,16.89
7/1/15,17.22,61789480,17.25,17.31,17.09
6/30/15,17.02,88857510,17.08,17.13,16.85
6/29/15,16.89,98391540,17.13,17.25,16.86
6/26/15,17.41,62786810,17.48,17.52,17.35
6/25/15,17.37,59695650,17.57,17.62,17.35
6/24/15,17.49,59002520,17.53,17.69,17.45
6/23/15,17.67,63754970,17.56,17.72,17.56
6/22/15,17.47,58412690,17.36,17.53,17.35
6/19/15,17.17,80953110,17.28,17.39,17.12
6/18/15,17.38,97485140,17.35,17.4,17.22
6/17/15,17.37,88646170,17.59,17.595,17.3
6/16/15,17.55,47224920,17.46,17.5599,17.37
6/15/15,17.47,67980760,17.33,17.5,17.25
6/12/15,17.49,52968230,17.45,17.58,17.36
6/11/15,17.49,77098680,17.62,17.675,17.44
6/10/15,17.59,102498600,17.39,17.62,17.36
6/9/15,17.31,81925190,17.05,17.35,17
6/8/15,17.08,69669820,17.27,17.33,17.05
6/5/15,17.19,118863300,17.04,17.35,16.965
6/4/15,16.78,60624140,16.87,16.98,16.72
6/3/15,16.93,89559820,16.79,17.02,16.74
6/2/15,16.72,65423230,16.52,16.76,16.5
6/1/15,16.55,62614060,16.58,16.64,16.47
5/29/15,16.5,73527130,16.66,16.67,16.47
5/28/15,16.67,60646120,16.72,16.73,16.58
5/27/15,16.74,69989950,16.56,16.75,16.54
5/26/15,16.5,99209560,16.73,16.73,16.43
5/22/15,16.75,46219930,16.72,16.8,16.705
5/21/15,16.73,51896840,16.71,16.75,16.56
5/20/15,16.74,67597290,16.78,16.85,16.63
5/19/15,16.77,88847290,16.59,16.78,16.58
5/18/15,16.51,50878250,16.31,16.54,16.31
5/15/15,16.35,54772020,16.52,16.52,16.3
5/14/15,16.52,55374680,16.53,16.59,16.45
5/13/15,16.47,47208010,16.44,16.52,16.36
5/12/15,16.43,59495950,16.46,16.48,16.35
5/11/15,16.49,55841360,16.45,16.59,16.43
5/8/15,16.45,86309380,16.32,16.46,16.22
5/7/15,16.24,73274310,16.23,16.33,16.09
5/6/15,16.29,96253350,16.36,16.49,16.08
5/5/15,16.35,106023100,16.42,16.61,16.33
5/4/15,16.44,76417080,16.14,16.45,16.12
5/1/15,16.11,78113440,16,16.15,15.92
4/30/15,15.93,77666840,16,16.05,15.7949
4/29/15,15.98,134235300,15.6,16.04,15.57
4/28/15,15.65,57967000,15.58,15.71,15.5
4/27/15,15.56,73421240,15.63,15.76,15.56
4/24/15,15.64,40663510,15.71,15.75,15.61
4/23/15,15.69,50216670,15.72,15.8,15.68
4/22/15,15.74,73067270,15.55,15.83,15.49
4/21/15,15.5,63899550,15.6,15.64,15.43
4/20/15,15.57,53621750,15.62,15.69,15.56
4/17/15,15.56,88834650,15.71,15.75,15.5
4/16/15,15.79,105071300,15.64,15.94,15.58
4/15/15,15.64,123608800,15.7,15.85,15.59
4/14/15,15.82,84019240,15.88,15.95,15.71
4/13/15,15.8,48729960,15.78,15.86,15.74
4/10/15,15.72,43523010,15.69,15.79,15.6
4/9/15,15.71,44710580,15.63,15.76,15.53
4/8/15,15.61,71566480,15.51,15.74,15.5
4/7/15,15.46,49543540,15.53,15.65,15.45
4/6/15,15.51,51108420,15.39,15.6,15.34
4/2/15,15.54,50412780,15.43,15.62,15.43
4/1/15,15.41,72847050,15.42,15.46,15.25
3/31/15,15.39,61291380,15.5,15.52,15.38
3/30/15,15.52,70710560,15.42,15.61,15.4
3/27/15,15.31,72856760,15.48,15.49,15.27
3/26/15,15.42,76688760,15.385,15.54,15.26
3/25/15,15.41,88420260,15.63,15.65,15.4
3/24/15,15.61,76146290,15.73,15.8,15.61
3/23/15,15.72,72494080,15.82,15.88,15.72
3/20/15,15.84,99347970,15.695,15.93,15.64
3/19/15,15.61,108650600,15.96,15.97,15.61
3/18/15,15.98,86179290,16.01,16.1,15.91
3/17/15,16.09,67275090,16.07,16.12,15.96
3/16/15,16.13,63366380,16.11,16.22,15.85
3/13/15,16.09,88257510,16.08,16.15,15.94
3/12/15,16.09,126224200,16.05,16.21,15.9
3/11/15,16.11,84949600,15.92,16.16,15.87
3/10/15,15.79,85235550,16.04,16.13,15.79
3/9/15,16.17,72805210,16.31,16.33,16.12
3/6/15,16.22,163037600,16.41,16.62,16.16
3/5/15,16,68247350,15.92,16.03,15.745
3/4/15,15.84,77910850,15.96,15.98,15.76
3/3/15,16.04,65539320,16.03,16.15,15.96
3/2/15,16.01,71318140,15.79,16.03,15.715
2/27/15,15.81,130260900,15.78,15.88,15.62
2/26/15,16.04,160856200,16.42,16.44,15.9
2/25/15,16.49,56863680,16.37,16.5,16.32
2/24/15,16.38,74020960,16.27,16.55,16.25
2/23/15,16.2,103731000,16.32,16.32,16.1
2/20/15,16.38,89326630,16.14,16.43,16.01
2/19/15,16.21,83447880,16.21,16.38,16.08
2/18/15,16.3,83988860,16.55,16.56,16.24
2/17/15,16.63,92461230,16.525,16.68,16.37
2/13/15,16.61,93468660,16.73,16.79,16.54
2/12/15,16.67,116332700,16.41,16.73,16.37
2/11/15,16.36,99713030,16.33,16.45,16.21
2/10/15,16.42,100270900,16.56,16.62,16.35
2/9/15,16.35,95226790,16.35,16.5,16.25
2/6/15,16.49,160369300,16.3,16.75,16.22
2/5/15,15.97,91918490,15.98,16.09,15.9
2/4/15,15.79,83481580,15.79,16,15.75
2/3/15,15.89,104972300,15.62,15.93,15.61
2/2/15,15.46,101291000,15.27,15.49,15.12
1/30/15,15.15,99482560,15.23,15.47,15.15
1/29/15,15.43,75742240,15.31,15.49,15.2
1/28/15,15.2,104900200,15.72,15.73,15.18
1/27/15,15.63,86064430,15.55,15.79,15.48
1/26/15,15.85,69907280,15.72,15.93,15.7
1/23/15,15.73,102799200,16.04,16.19,15.73
1/22/15,16.09,181759900,15.55,16.19,15.43
1/21/15,15.41,100483100,15.28,15.57,15.15
1/20/15,15.26,122920700,15.59,15.63,15.2
1/16/15,15.38,149737800,15.16,15.4,14.97
1/15/15,15.2,192585000,15.59,15.76,15.15
1/14/15,16.04,163924900,16,16.215,15.77
1/13/15,16.45,100721700,16.82,16.89,16.32
1/12/15,16.68,92616470,17.025,17.03,16.66
1/9/15,16.98,83996480,17.38,17.38,16.95
1/8/15,17.29,73288210,17.16,17.34,17.1
1/7/15,16.94,104246800,17.14,17.18,16.87
1/6/15,16.86,144742600,17.42,17.44,16.78
1/5/15,17.38,105445200,17.785,17.81,17.29
1/2/15,17.9,48877070,17.99,18.03,17.6801
12/31/14,17.89,57696010,18.19,18.21,17.89
12/30/14,18.13,41303690,18.04,18.18,18.01
12/29/14,18.11,58195400,17.97,18.19,17.91
12/26/14,17.98,34309040,18.02,18.05,17.95
12/24/14,17.98,35091250,17.965,18.1,17.92
12/23/14,17.93,94275230,17.83,17.99,17.78
12/22/14,17.71,70705320,17.65,17.73,17.55
12/19/14,17.62,104297600,17.49,17.7,17.49
12/18/14,17.53,79133190,17.47,17.53,17.34
12/17/14,17.26,91009940,16.87,17.27,16.82
12/16/14,16.72,95174320,16.74,17.19,16.59
12/15/14,16.85,99734840,17.3,17.31,16.76
12/12/14,17.13,87730880,17.37,17.45,17.13
12/11/14,17.47,80090360,17.44,17.65,17.44
12/10/14,17.38,103534200,17.48,17.68,17.37
12/9/14,17.56,95863320,17.175,17.59,17.17
12/8/14,17.66,100540900,17.66,17.87,17.51
12/5/14,17.68,131366400,17.41,17.71,17.35
12/4/14,17.21,49607550,17.24,17.34,17.13
12/3/14,17.29,69965390,17.1,17.3,17.06
12/2/14,17.15,62531960,16.87,17.15,16.86
12/1/14,16.79,60260160,16.92,16.94,16.73
11/28/14,17.04,27834930,17.07,17.15,17.03
11/26/14,17.11,27309820,17.12,17.15,17.04
11/25/14,17.1,44710820,17.23,17.26,17.08
11/24/14,17.18,50627130,17.16,17.28,17.08
11/21/14,17.12,62679730,17.15,17.19,17.06
11/20/14,17,49594930,16.96,17.01,16.83
11/19/14,17.06,49269600,17.145,17.15,17.01
11/18/14,17.14,39123230,17.07,17.22,17.06
11/17/14,17.09,43261970,17.06,17.14,16.97
11/14/14,17.14,40491960,17.165,17.25,17.1
11/13/14,17.22,50401410,17.285,17.3,17.12
11/12/14,17.29,48410250,17.24,17.3,17.07
11/11/14,17.32,62061900,17.37,17.46,17.3
11/10/14,17.37,53542010,17.36,17.4,17.3
11/7/14,17.36,53502950,17.31,17.38,17.22
11/6/14,17.36,56828880,17.34,17.4,17.28
11/5/14,17.34,58406460,17.32,17.37,17.21
11/4/14,17.21,53376810,17.22,17.3,17.02
11/3/14,17.27,63618240,17.18,17.35,17.1
10/31/14,17.16,82572040,17.17,17.22,17.1
10/30/14,17.03,72430940,16.96,17.12,16.84
10/29/14,16.99,99562160,16.77,17.02,16.71
10/28/14,16.8,71494200,16.62,16.8,16.61
10/27/14,16.59,51387870,16.68,16.69,16.5
10/24/14,16.72,41741920,16.63,16.72,16.56
10/23/14,16.6,67335760,16.58,16.73,16.515
10/22/14,16.4,85027130,16.59,16.7,16.37
10/21/14,16.6,78178970,16.43,16.61,16.31
10/20/14,16.26,76227310,16.2,16.33,16.16
10/17/14,16.21,92379130,16.25,16.41,16.16
10/16/14,16.08,147837600,15.61,16.25,15.52
10/15/14,15.76,215661200,16.23,16.24,15.43
10/14/14,16.52,96924090,16.51,16.63,16.36
10/13/14,16.4,92058620,16.48,16.67,16.4
10/10/14,16.48,129285400,16.52,16.77,16.36
10/9/14,16.59,121219100,17.04,17.11,16.55
10/8/14,17.12,101060000,16.88,17.12,16.72
10/7/14,16.88,91127140,17.18,17.2,16.88
10/6/14,17.29,66121680,17.37,17.41,17.22
10/3/14,17.29,110704200,17.11,17.3,17.06
10/2/14,16.88,117906500,16.86,16.99,16.63
10/1/14,16.82,90840110,17.07,17.09,16.8
9/30/14,17.05,81892940,17.08,17.11,16.97
9/29/14,17.01,67979680,16.91,17.05,16.88
9/26/14,17.03,66617370,16.91,17.05,16.89
9/25/14,16.85,103965400,17.155,17.18,16.85
9/24/14,17.18,86250850,17.12,17.19,16.97
9/23/14,17.05,91565800,17.05,17.2,17.03
9/22/14,17.03,108953700,17.09,17.17,16.99
9/19/14,16.95,88186700,17.15,17.17,16.88
9/18/14,17.04,110088500,16.88,17.15,16.87
9/17/14,16.77,77782790,16.71,16.93,16.68
9/16/14,16.71,64821800,16.67,16.84,16.67
9/15/14,16.74,87176450,16.795,16.93,16.62
9/12/14,16.79,116251600,16.62,16.83,16.61
9/11/14,16.57,106574000,16.32,16.63,16.3
9/10/14,16.36,74604270,16.155,16.4,16.13
9/9/14,16.14,82170560,16.25,16.26,16.1
9/8/14,16.35,98478570,16.19,16.37,16.15
9/5/14,16.02,80897550,16.05,16.07,15.9
9/4/14,16.11,56032700,16.095,16.27,16.04
9/3/14,16.1,67292420,16.27,16.28,16.04
9/2/14,16.27,59207230,16.14,16.28,16.06
8/29/14,16.09,49892980,16.045,16.14,16.02
8/28/14,16.01,61824100,16.095,16.1,15.99
8/27/14,16.2,62649050,16.37,16.39,16.14
8/26/14,16.33,73078240,16.34,16.46,16.32
8/25/14,16.29,88734960,16.27,16.4,16.2
8/22/14,16.13,107467800,16.16,16.29,16.05
8/21/14,16.16,175844500,15.69,16.22,15.62
8/20/14,15.52,57523260,15.41,15.6333,15.37
8/19/14,15.45,44300320,15.52,15.65,15.44
8/18/14,15.45,54345770,15.28,15.45,15.27
8/15/14,15.22,61308380,15.34,15.41,15.14
8/14/14,15.32,29642980,15.26,15.32,15.26
8/13/14,15.25,34022280,15.25,15.29,15.2
8/12/14,15.21,33644700,15.18,15.3,15.15
8/11/14,15.22,41426800,15.26,15.27,15.15
8/8/14,15.2,54060460,15.08,15.2,14.99
8/7/14,15.12,79619600,15.44,15.44,15.09
8/6/14,15.2,95526740,15.14,15.36,15.14
8/5/14,15,64944270,15.01,15.2,14.9
8/4/14,15.05,51632880,15.065,15.12,14.98
8/1/14,14.98,115884200,15.18,15.39,14.84
7/31/14,15.25,69726080,15.44,15.55,15.25
7/30/14,15.58,82904300,15.43,15.665,15.31
7/29/14,15.34,51103020,15.52,15.53,15.34
7/28/14,15.5,39072070,15.585,15.61,15.46
7/25/14,15.59,35411150,15.585,15.63,15.55
7/24/14,15.62,45142140,15.56,15.64,15.55
7/23/14,15.52,47171950,15.52,15.63,15.51
7/22/14,15.52,58107500,15.59,15.62,15.47
7/21/14,15.52,61681400,15.42,15.55,15.36
7/18/14,15.49,74633190,15.27,15.5,15.25
7/17/14,15.2,114447900,15.45,15.48,15.13
7/16/14,15.51,123689200,15.66,15.66,15.43
7/15/14,15.81,99907810,15.75,15.85,15.66
7/14/14,15.57,59036150,15.62,15.67,15.52
7/11/14,15.38,56737850,15.39,15.43,15.3
7/10/14,15.44,61345980,15.33,15.53,15.25
7/9/14,15.6,46237520,15.62,15.6899,15.54
7/8/14,15.58,73252960,15.82,15.83,15.52
7/7/14,15.94,62003920,15.99,16,15.83
7/3/14,16.03,70582290,16.07,16.23,16
7/2/14,15.85,87302950,15.78,16.03,15.76
7/1/14,15.6,73950760,15.38,15.65,15.38
6/30/14,15.37,47274430,15.31,15.45,15.29
6/27/14,15.33,57735970,15.38,15.42,15.31
6/26/14,15.41,68319230,15.44,15.53,15.27
6/25/14,15.47,71487090,15.45,15.49,15.28
6/24/14,15.49,72966610,15.555,15.7,15.44
6/23/14,15.64,58215450,15.47,15.65,15.38
6/20/14,15.45,54160130,15.63,15.63,15.44
6/19/14,15.55,40782490,15.66,15.67,15.5
6/18/14,15.65,69800430,15.63,15.69,15.44
6/17/14,15.59,57646520,15.265,15.62,15.255
6/16/14,15.28,53717410,15.3,15.31,15.18
6/13/14,15.44,61525910,15.46,15.55,15.33
6/12/14,15.42,65939170,15.57,15.66,15.38
6/11/14,15.59,73423730,15.69,15.82,15.55
6/10/14,15.92,48738720,15.78,15.94,15.73
6/9/14,15.84,77850380,15.6,15.88,15.6
6/6/14,15.59,73806030,15.45,15.65,15.43
6/5/14,15.43,60011850,15.28,15.48,15.22
6/4/14,15.21,39376490,15.19,15.26,15.15
6/3/14,15.21,48774110,15.2,15.28,15.11
6/2/14,15.26,46206150,15.16,15.28,15.05
5/30/14,15.14,45730490,15.12,15.23,15.07
5/29/14,15.15,39396800,15.12,15.21,15.1
5/28/14,15.14,72225550,15.27,15.28,15.03
5/27/14,15.22,125181600,15,15.31,14.98
5/23/14,14.72,51618950,14.71,14.8145,14.65
5/22/14,14.71,51694150,14.58,14.72,14.55
5/21/14,14.61,64353910,14.59,14.71,14.5
5/20/14,14.53,59635860,14.65,14.69,14.48
5/19/14,14.67,50688490,14.425,14.7,14.38
5/16/14,14.51,80062900,14.51,14.54,14.3675
5/15/14,14.55,104010400,14.82,14.83,14.39
5/14/14,14.84,52230250,14.99,15.02,14.81
5/13/14,15.03,58327810,15.04,15.1,14.94
5/12/14,15.07,70343000,14.79,15.1,14.79
5/9/14,14.74,86301360,14.95,14.9857,14.67
5/8/14,14.93,64794510,14.85,15.04,14.8
5/7/14,14.8,86433520,14.86,14.92,14.75
5/6/14,14.73,95931300,15.03,15.03,14.72
5/5/14,15.08,51429750,15.075,15.13,15.02
5/2/14,15.25,73323160,15.18,15.29,15.1
5/1/14,15.09,67945290,15.14,15.2174,15.03
4/30/14,15.14,82253720,15.26,15.27,15.13
4/29/14,15.24,155318800,15.04,15.3,14.91
4/28/14,14.95,342808500,15.33,15.41,14.86
4/25/14,15.95,84409390,16.1,16.23,15.93
4/24/14,16.34,72652060,16.43,16.5,16.21
4/23/14,16.37,50735010,16.3,16.4,16.23
4/22/14,16.29,76404910,16.09,16.34,16.04
4/21/14,16.09,51085840,16.15,16.17,16.03
4/17/14,16.15,104525700,16.14,16.25,15.93
4/16/14,16.13,172547800,16.2,16.22,15.78
4/15/14,16.39,134506400,16.09,16.41,15.96
4/14/14,16,98975650,16.05,16.22,15.78
4/11/14,15.77,133554900,15.86,16.13,15.62
4/10/14,16.12,97338200,16.62,16.62,16.1
4/9/14,16.62,82842770,16.55,16.63,16.345
4/8/14,16.44,75377160,16.37,16.5,16.25
4/7/14,16.38,128705800,16.69,16.7,16.19
4/4/14,16.72,109898600,17.21,17.22,16.7
4/3/14,17.15,56244690,17.21,17.24,17.03
4/2/14,17.23,65138220,17.35,17.38,17.13
4/1/14,17.34,57320490,17.28,17.4,17.26
3/31/14,17.2,61817620,17.15,17.27,17.12
3/28/14,16.98,79440530,17.085,17.15,16.85
3/27/14,17.01,174701100,17.28,17.49,16.83
3/26/14,17.18,97123550,17.38,17.4,17.18
3/25/14,17.21,98143190,17.49,17.58,17.2
3/24/14,17.37,118168400,17.62,17.65,17.3
3/21/14,17.56,155720000,18.03,18.03,17.56
3/20/14,17.92,166538700,17.44,18,17.43
3/19/14,17.44,104460200,17.16,17.49,17.12
3/18/14,17.19,67256680,17.14,17.22,17.07
3/17/14,17.11,79714910,16.98,17.17,16.97
3/14/14,16.8,130844600,17.08,17.22,16.76
3/13/14,17.16,100603300,17.34,17.47,17.07
3/12/14,17.28,83305150,17.18,17.33,17.07
3/11/14,17.27,90178380,17.51,17.52,17.25
3/10/14,17.47,81706410,17.27,17.47,17.25
3/7/14,17.33,109530800,17.54,17.59,17.2456
3/6/14,17.35,138077900,17.42,17.6309,17.31
3/5/14,17.25,207179600,16.79,17.31,16.78
3/4/14,16.73,100849500,16.48,16.74,16.43
3/3/14,16.3,87526820,16.3,16.41,16.19
2/28/14,16.53,126252100,16.49,16.65,16.345
2/27/14,16.49,71314480,16.27,16.49,16.21
2/26/14,16.33,89831520,16.36,16.4,16.13
2/25/14,16.34,81457020,16.5,16.56,16.32
2/24/14,16.53,102909600,16.3,16.63,16.3
2/21/14,16.29,106236400,16.29,16.485,16.25
2/20/14,16.3,107425900,16.22,16.36,16.18
2/19/14,16.2,137734500,16.38,16.45,16.18
2/18/14,16.47,121783300,16.7,16.74,16.47
2/14/14,16.7,113205500,16.74,16.76,16.65
2/13/14,16.75,95756890,16.645,16.82,16.63
2/12/14,16.75,96948850,16.87,16.91,16.65
2/11/14,16.88,92617470,16.725,16.92,16.635
2/10/14,16.72,95792460,16.71,16.73,16.6
2/7/14,16.82,151799300,16.82,16.88,16.63
2/6/14,16.69,110028900,16.45,16.73,16.44
2/5/14,16.4,110576200,16.31,16.45,16.15
2/4/14,16.35,123033300,16.49,16.56,16.26
2/3/14,16.35,159970900,16.77,16.88,16.3
1/31/14,16.75,139432100,16.72,16.98,16.61
1/30/14,16.93,91028170,16.81,16.99,16.765
1/29/14,16.68,130020700,16.55,16.85,16.49
1/28/14,16.73,92869560,16.45,16.76,16.37
1/27/14,16.31,134872600,16.37,16.54,16.06
1/24/14,16.45,113752700,16.67,16.72,16.45
1/23/14,16.86,123752600,17.07,17.09,16.74
1/22/14,17.15,68113890,17.08,17.15,17
1/21/14,17.01,117202500,17.08,17.155,16.87
1/17/14,17.01,96232100,17.2,17.22,16.99
1/16/14,17.08,163613100,17.09,17.14,16.99
1/15/14,17.15,329328500,17.23,17.42,17.11
1/14/14,16.77,97784630,16.54,16.77,16.53
1/13/14,16.43,90025390,16.79,16.8,16.4
1/10/14,16.77,87448150,16.75,16.79,16.61
1/9/14,16.83,100947200,16.67,16.9264,16.615
1/8/14,16.58,101027900,16.67,16.69,16.5191
1/7/14,16.5,110584100,16.77,16.79,16.45
1/6/14,16.66,114428700,16.625,16.73,16.56
1/3/14,16.41,129920700,16.27,16.5,16.23
1/2/14,16.1,148709900,15.69,16.16,15.68
12/31/13,15.57,57188920,15.6,15.615,15.51
12/30/13,15.54,55796890,15.64,15.69,15.52
12/27/13,15.67,39966850,15.67,15.7,15.58
12/26/13,15.65,48725350,15.735,15.75,15.64
12/24/13,15.7,21770360,15.72,15.75,15.67
12/23/13,15.69,52142220,15.72,15.79,15.69
12/20/13,15.6,131683400,15.75,15.87,15.6
12/19/13,15.75,97775880,15.66,15.79,15.6
12/18/13,15.69,152682800,15.28,15.71,15.06
12/17/13,15.18,74006940,15.24,15.295,15.14
12/16/13,15.24,71013710,15.22,15.34,15.2
12/13/13,15.18,61261770,15.275,15.33,15.13
12/12/13,15.25,75646960,15.26,15.35,15.12
12/11/13,15.25,117412700,15.55,15.55,15.18
12/10/13,15.56,66690820,15.52,15.675,15.51
12/9/13,15.58,49873410,15.62,15.67,15.56
12/6/13,15.56,92011230,15.61,15.72,15.46
12/5/13,15.43,95008080,15.61,15.64,15.36
12/4/13,15.63,96497940,15.39,15.73,15.36
12/3/13,15.54,106178700,15.64,15.79,15.39
12/2/13,15.73,92848410,15.84,15.97,15.7
11/29/13,15.82,44288420,15.835,15.92,15.79
11/27/13,15.83,75320300,15.87,15.94,15.76
11/26/13,15.88,114651900,15.835,15.97,15.81
11/25/13,15.81,153499100,15.67,15.98,15.66
11/22/13,15.64,110036100,15.695,15.7873,15.6
11/21/13,15.59,141408600,15.22,15.6,15.2
11/20/13,15.14,107029400,15.25,15.27,15.08
11/19/13,15.2,161060600,14.975,15.3,14.97
11/18/13,14.92,145274700,14.975,15.17,14.86
11/15/13,14.92,105281100,14.79,14.95,14.77
11/14/13,14.795,128941800,14.675,14.82,14.61
11/13/13,14.64,127636700,14.255,14.64,14.2
11/12/13,14.32,69369040,14.33,14.46,14.26
11/11/13,14.4,66196560,14.27,14.42,14.24
11/8/13,14.32,158007000,13.86,14.32,13.835
11/7/13,13.8,80616230,14,14.03,13.8
11/6/13,13.96,66412450,13.99,14.02,13.91
11/5/13,13.93,71678500,13.99,14.021,13.9
11/4/13,14.04,52953680,14.09,14.12,14
11/1/13,14.02,75550860,13.995,14.1,13.96
10/31/13,13.97,105518100,14.135,14.16,13.96
10/30/13,14.17,76162170,14.19,14.29,14.15
10/29/13,14.15,79368170,14.26,14.29,14.06
10/28/13,14.23,62097360,14.29,14.32,14.21
10/25/13,14.26,58526240,14.15,14.27,14.14
10/24/13,14.17,92276080,14.12,14.2,14.07
10/23/13,14.21,108155500,14.45,14.48,14.17
10/22/13,14.52,102750800,14.55,14.63,14.45
10/21/13,14.52,91141140,14.53,14.59,14.47
10/18/13,14.63,96811480,14.68,14.72,14.53
10/17/13,14.66,93801660,14.445,14.66,14.41
10/16/13,14.56,153249700,14.32,14.61,14.315
10/15/13,14.24,101799500,14.39,14.43,14.21
10/14/13,14.35,78299060,14.06,14.39,14.05
10/11/13,14.19,83327430,14.24,14.28,14.11
10/10/13,14.23,101943000,14.03,14.25,14.01
10/9/13,13.84,95926610,13.72,13.93,13.69
10/8/13,13.69,92459940,13.83,13.9,13.68
10/7/13,13.81,64481600,13.91,13.95,13.8
10/4/13,14.05,63391700,14.02,14.08,13.96
10/3/13,14,94995070,14.07,14.1,13.83
10/2/13,14.06,88892800,13.81,14.1,13.79
10/1/13,13.9,57522540,13.85,13.92,13.81
9/30/13,13.8,104197600,13.685,13.93,13.6
9/27/13,13.9,78953650,13.99,14.03,13.88
9/26/13,14.08,89172400,14.19,14.22,13.98
9/25/13,14.14,86442340,14.12,14.24,14.03
9/24/13,14.09,95867990,14.18,14.25,14.01
9/23/13,14.14,126936900,14.31,14.325,14.09
9/20/13,14.44,144787300,14.655,14.66,14.44
9/19/13,14.61,79487120,14.8,14.83,14.58
9/18/13,14.715,127091100,14.53,14.82,14.49
9/17/13,14.55,73489060,14.53,14.62,14.4
9/16/13,14.53,65696200,14.61,14.68,14.53
9/13/13,14.49,46712850,14.46,14.55,14.45
9/12/13,14.48,63242680,14.65,14.68,14.46
9/11/13,14.65,80948200,14.56,14.68,14.52
9/10/13,14.61,93042820,14.52,14.69,14.52
9/9/13,14.48,53301920,14.41,14.49,14.37
9/6/13,14.36,75404010,14.47,14.5,14.27
9/5/13,14.37,71039660,14.41,14.55,14.36
9/4/13,14.32,70970450,14.215,14.4,14.205
9/3/13,14.25,74549560,14.3,14.38,14.18
8/30/13,14.12,73059980,14.23,14.25,14.07
8/29/13,14.17,76543000,14.14,14.3,14.12
8/28/13,14.12,96326840,14.07,14.25,13.99
8/27/13,14.11,122177000,14.26,14.41,14.1
8/26/13,14.49,68779240,14.53,14.7,14.49
8/23/13,14.57,67619900,14.59,14.69,14.51
8/22/13,14.57,76283910,14.47,14.6,14.4
8/21/13,14.34,91432680,14.26,14.48,14.2
8/20/13,14.29,114209100,14.18,14.38,13.98
8/19/13,14.15,98153100,14.37,14.38,14.13
8/16/13,14.42,104887400,14.29,14.47,14.21
8/15/13,14.32,98927380,14.46,14.47,14.31
8/14/13,14.6,78333980,14.55,14.75,14.54
8/13/13,14.51,75412500,14.47,14.62,14.33
8/12/13,14.41,60748900,14.355,14.47,14.32
8/9/13,14.45,72897340,14.56,14.61,14.4
8/8/13,14.61,88459390,14.675,14.7,14.44
8/7/13,14.53,128470000,14.43,14.57,14.25
8/6/13,14.64,83773630,14.74,14.76,14.63
8/5/13,14.8,61545960,14.77,14.84,14.7
8/2/13,14.84,83104460,14.88,14.91,14.78
8/1/13,14.95,106978600,14.845,14.97,14.82
7/31/13,14.6,127932200,14.58,14.85,14.57
7/30/13,14.52,71567790,14.58,14.63,14.46
7/29/13,14.52,88616680,14.65,14.7,14.45
7/26/13,14.73,73671990,14.7,14.76,14.62
7/25/13,14.83,89188960,14.62,14.85,14.54
7/24/13,14.71,117510000,15,15,14.68
7/23/13,14.94,113517700,14.98,15.03,14.86
7/22/13,14.92,112194100,14.74,14.99,14.65
7/19/13,14.75,135975900,14.76,14.76,14.6
7/18/13,14.76,221357600,14.4,14.85,14.4
7/17/13,14.31,249398800,14.055,14.44,14.04
7/16/13,13.92,145611900,13.93,14.02,13.77
7/15/13,13.88,90550300,13.93,13.94,13.76
7/12/13,13.78,123573500,13.54,13.8,13.47
7/11/13,13.51,93452730,13.54,13.58,13.33
7/10/13,13.37,103562600,13.51,13.53,13.31
7/9/13,13.53,105950700,13.37,13.53,13.25
7/8/13,13.28,107324900,13.11,13.37,13.08
7/5/13,13.06,80633080,12.99,13.08,12.91
7/3/13,12.83,37971760,12.82,12.84,12.73
7/2/13,12.9,83585230,12.95,13.1,12.8
7/1/13,12.93,83048140,12.95,13.1,12.92
6/28/13,12.86,90185120,12.97,13,12.84
6/27/13,13.01,124485900,12.84,13.03,12.78
6/26/13,12.76,105156100,12.84,12.8533,12.68
6/25/13,12.67,132638500,12.61,12.77,12.4296
6/24/13,12.3,159614900,12.4,12.45,12.13
6/21/13,12.69,195895900,12.99,13,12.39
6/20/13,12.89,185617600,13.08,13.14,12.8
6/19/13,13.19,103647100,13.285,13.4,13.17
6/18/13,13.27,67140180,13.215,13.34,13.2
6/17/13,13.21,115172500,13.17,13.2617,13.13
6/14/13,13.07,101275300,13.23,13.24,13.03
6/13/13,13.21,103432200,13,13.26,12.97
6/12/13,13.06,117115800,13.24,13.25,12.97
6/11/13,13.12,106195800,13.11,13.28,13.07
6/10/13,13.3,104477800,13.49,13.55,13.26
6/7/13,13.38,120888800,13.33,13.39,13.15
6/6/13,13.2,142191000,13.075,13.24,12.85
6/5/13,13.09,185508200,13.285,13.45,12.97
6/4/13,13.36,129808500,13.51,13.67,13.31
6/3/13,13.55,196939600,13.69,13.73,13.21
5/31/13,13.66,159658400,13.91,13.99,13.6525
5/30/13,13.83,153111200,13.5,13.93,13.43
5/29/13,13.48,126266300,13.31,13.555,13.27
5/28/13,13.35,133347400,13.49,13.51,13.31
5/24/13,13.24,83384880,13.17,13.26,13.12
5/23/13,13.21,190275300,12.93,13.42,12.82
5/22/13,13.31,174098300,13.485,13.73,13.17
5/21/13,13.44,111684500,13.525,13.56,13.36
5/20/13,13.51,88692630,13.39,13.6,13.39
5/17/13,13.43,107092000,13.5,13.52,13.39
5/16/13,13.36,117680900,13.41,13.55,13.32
5/15/13,13.44,139456900,13.29,13.55,13.29
5/14/13,13.34,153770700,13.04,13.36,13.02
5/13/13,12.98,94124870,12.98,13.1,12.95
5/10/13,13.02,87419170,12.94,13.04,12.89
5/9/13,12.91,112536300,13.05,13.06,12.87
5/8/13,13.02,149066600,12.85,13.18,12.84
5/7/13,12.9,218004100,12.92,13.11,12.76
5/6/13,12.88,264493300,12.39,12.89,12.36
5/3/13,12.24,94151670,12.36,12.41,12.205
5/2/13,12.19,76402840,12.17,12.21,12.05
5/1/13,12.14,88202850,12.2,12.27,12.08
4/30/13,12.31,89085330,12.39,12.4,12.2
4/29/13,12.38,65324550,12.45,12.48,12.37
4/26/13,12.42,82989320,12.34,12.46,12.29
4/25/13,12.44,118510400,12.39,12.54,12.36
4/24/13,12.31,120319200,12.135,12.37,12.12
4/23/13,12.07,176498700,11.92,12.16,11.9
4/22/13,11.72,88358660,11.68,11.75,11.57
4/19/13,11.66,119658700,11.56,11.69,11.43
4/18/13,11.44,219616900,11.61,11.65,11.23
4/17/13,11.7,335178900,11.91,12.02,11.45
4/16/13,12.28,146760600,12.21,12.36,12.08
4/15/13,11.98,175922600,12.19,12.32,11.97
4/12/13,12.17,87982910,12.145,12.25,12.07
4/11/13,12.27,100174800,12.31,12.33,12.16
4/10/13,12.32,105625800,12.31,12.4,12.26
4/9/13,12.25,131954200,12.25,12.35,12.21
4/8/13,12.21,100740400,12,12.21,11.91
4/5/13,11.97,140800500,11.67,12.01,11.64
4/4/13,11.94,117646600,11.81,11.99,11.72
4/3/13,11.81,199446600,12.115,12.14,11.72
4/2/13,12.15,102381000,12.24,12.245,12.14
4/1/13,12.15,86200690,12.15,12.28,12.1
3/28/13,12.18,91886120,12.24,12.28,12.11
3/27/13,12.23,106948200,12.14,12.28,12.12
3/26/13,12.28,135447300,12.45,12.5,12.15
3/25/13,12.4,154069700,12.68,12.72,12.32
3/22/13,12.56,101283300,12.62,12.67,12.48
3/21/13,12.57,154129000,12.71,12.84,12.55
3/20/13,12.78,218776900,12.785,12.89,12.71
3/19/13,12.71,242238000,12.79,12.94,12.59
3/18/13,12.56,188827600,12.29,12.68,12.26
3/15/13,12.57,318801700,12.52,12.66,12.35
3/14/13,12.11,112983800,12.12,12.19,12.1
3/13/13,12.06,85987700,12.04,12.11,11.98
3/12/13,12.01,127825900,12.11,12.18,11.91
3/11/13,12.15,106246800,12.08,12.2214,12.02
3/8/13,12.07,209386000,12.42,12.44,12.02
3/7/13,12.26,210222300,12,12.28,11.98
3/6/13,11.92,182076200,11.77,12.02,11.76
3/5/13,11.55,135541300,11.56,11.7085,11.53
3/4/13,11.41,115218500,11.27,11.45,11.22
3/1/13,11.34,188806300,11.13,11.55,11.02
2/28/13,11.23,143331300,11.325,11.37,11.195
2/27/13,11.3,146871700,11.15,11.36,11.1
2/26/13,11.13,172761300,11.12,11.22,11.03
2/25/13,11.03,205709400,11.6,11.61,10.98
2/22/13,11.44,178887800,11.62,11.635,11.26
2/21/13,11.42,235403700,11.725,11.73,11.35
2/20/13,11.8,192959600,12.18,12.29,11.75
2/19/13,12.19,170557100,12.1,12.31,12.06
2/15/13,12.03,158048800,12.205,12.21,11.97
2/14/13,12.13,143851900,12.09,12.27,12.07
2/13/13,12.17,192394200,12.35,12.42,12.05
2/12/13,12.245,231728400,11.87,12.34,11.78
2/11/13,11.86,103463000,11.73,11.9,11.67
2/8/13,11.76,145204800,11.86,11.9,11.72
2/7/13,11.84,173067100,11.97,11.98,11.73
2/6/13,11.93,173411300,11.73,11.97,11.73
2/5/13,11.88,187355600,11.59,11.98,11.56
2/4/13,11.48,139540600,11.58,11.69,11.46
2/1/13,11.71,160137200,11.41,11.73,11.37
1/31/13,11.32,96696810,11.32,11.36,11.22
1/30/13,11.38,88826940,11.49,11.54,11.35
1/29/13,11.49,96590320,11.42,11.58,11.4
1/28/13,11.48,91202480,11.64,11.67,11.43
1/25/13,11.62,99989290,11.69,11.72,11.51
1/24/13,11.53,127692000,11.45,11.67,11.42
1/23/13,11.42,121026600,11.38,11.44,11.23
1/22/13,11.35,136706400,11.12,11.36,11.09
1/18/13,11.14,179626300,11.26,11.33,11.02
1/17/13,11.28,322548400,11.69,11.7,11.17
1/16/13,11.78,163827400,11.58,11.79,11.47
1/15/13,11.55,125770700,11.38,11.62,11.3
1/14/13,11.47,109732800,11.61,11.63,11.38
1/11/13,11.63,145782400,11.7,11.72,11.51
1/10/13,11.78,199239100,11.61,11.81,11.54
1/9/13,11.43,319462800,11.87,12,11.33
1/8/13,11.98,167734700,12.09,12.1,11.89
1/7/13,12.09,200626900,12.15,12.2,12
1/4/13,12.11,132305600,11.97,12.11,11.93
1/3/13,11.96,156702300,12.01,12.05,11.88
1/2/13,12.03,235353700,12.05,12.15,11.9
12/31/12,11.61,170348800,11.37,11.65,11.3
12/28/12,11.36,130813000,11.32,11.49,11.27
12/27/12,11.47,209975500,11.66,11.69,11.23
12/26/12,11.54,145737300,11.29,11.63,11.27
12/24/12,11.25,50657080,11.27,11.29,11.21
12/21/12,11.29,244609300,11.2,11.35,11.12
12/20/12,11.52,183689700,11.1,11.52,11.08
12/19/12,11.19,192483900,11.4,11.49,11.17
12/18/12,11.36,254775100,11.24,11.36,11.05
12/17/12,11,169512100,10.645,11,10.64
12/14/12,10.58,91577190,10.545,10.6,10.52
12/13/12,10.54,105914300,10.59,10.66,10.51
12/12/12,10.61,166493400,10.59,10.7,10.51
12/11/12,10.51,158819100,10.64,10.71,10.5
12/10/12,10.57,147653500,10.6,10.63,10.46
12/7/12,10.635,191709300,10.56,10.68,10.48
12/6/12,10.455,176080500,10.51,10.58,10.29
12/5/12,10.46,462271800,9.97,10.56,9.95
12/4/12,9.91,143962300,9.79,9.91,9.77
12/3/12,9.8,99604040,9.93,9.94,9.78
11/30/12,9.86,108493500,9.78,9.87,9.755
11/29/12,9.83,125317500,9.84,9.88,9.76
11/28/12,9.76,152517300,9.56,9.76,9.38
11/27/12,9.66,149236000,9.89,9.95,9.66
11/26/12,9.835,99514210,9.82,9.87,9.75
11/23/12,9.9,59047950,9.835,9.9,9.8
11/21/12,9.77,132324000,9.67,9.78,9.63
11/20/12,9.63,150339600,9.465,9.68,9.42
11/19/12,9.49,145845900,9.36,9.5325,9.32
11/16/12,9.12,178838200,9.12,9.21,8.92
11/15/12,9.09,144316800,9.03,9.2,9.02
11/14/12,8.99,197276700,9.38,9.42,8.95
11/13/12,9.33,119513900,9.31,9.55,9.28
11/12/12,9.39,68386080,9.5,9.52,9.38
11/9/12,9.43,140888600,9.295,9.59,9.27
11/8/12,9.39,223834500,9.49,9.6,9.38
11/7/12,9.23,285742700,9.63,9.67,9.22
11/6/12,9.94,132138000,9.825,9.97,9.75
11/5/12,9.75,120825900,9.83,9.925,9.62
11/2/12,9.85,220769900,9.87,9.97,9.77
11/1/12,9.74,206933300,9.34,9.75,9.2719
10/31/12,9.32,94896440,9.2,9.35,9.15
10/26/12,9.12,9999999,9.165,9.27,9.0467
10/25/12,9.24,121390400,9.365,9.415,9.17
10/24/12,9.31,120792400,9.45,9.49,9.3
10/23/12,9.36,160397200,9.44,9.47,9.28
10/22/12,9.55,132012400,9.47,9.56,9.41
10/19/12,9.44,169221000,9.42,9.55,9.39
10/18/12,9.47,149600100,9.38,9.57,9.37
10/17/12,9.44,229336500,9.42,9.6,9.3
10/16/12,9.46,172149300,9.53,9.6,9.38
10/15/12,9.44,153845800,9.235,9.44,9.16
10/12/12,9.12,158373700,9.16,9.28,9.05
10/11/12,9.34,122423400,9.39,9.42,9.3
10/10/12,9.21,110219100,9.19,9.27,9.06
10/9/12,9.21,152770600,9.325,9.38,9.04
10/8/12,9.28,81692200,9.16,9.38,9.13
10/5/12,9.32,203991300,9.56,9.65,9.23
10/4/12,9.41,160012400,9.2,9.42,9.15
10/3/12,9.11,115363500,8.975,9.12,8.91
10/2/12,8.93,108375200,9.1,9.105,8.88
10/1/12,8.96,132948200,8.87,9.13,8.85
9/28/12,8.83,118823600,8.89,8.93,8.79
9/27/12,8.97,118718600,8.935,9.07,8.8991
9/26/12,8.815,158294300,8.855,8.91,8.7
9/25/12,8.925,146173400,9.165,9.21,8.91
9/24/12,9.1,113165000,8.99,9.2,8.95
9/21/12,9.11,155680800,9.35,9.35,9.08
9/20/12,9.19,110952500,9.14,9.25,9.08
9/19/12,9.29,126020900,9.33,9.46,9.26
9/18/12,9.23,150307100,9.16,9.29,9.09
9/17/12,9.3,141160900,9.39,9.49,9.27
9/14/12,9.55,329189100,9.6,9.79,9.45
9/13/12,9.4,330583700,8.89,9.48,8.81
9/12/12,8.97,203924900,9.15,9.19,8.87
9/11/12,9.03,201166900,8.63,9.05,8.58
9/10/12,8.58,189692500,8.835,8.92,8.53
9/7/12,8.8,232370400,8.465,8.8,8.45
9/6/12,8.35,199786100,8.035,8.35,8.03
9/5/12,7.95,54634870,7.99,8.02,7.93
9/4/12,8,81341190,8,8.11,7.95
8/31/12,7.99,91696920,8,8.02,7.88
8/30/12,7.91,91615960,7.95,7.95,7.83
8/29/12,8,106777300,7.98,8.1,7.98
8/28/12,7.96,90838600,8.04,8.11,7.95
8/27/12,8.07,96118310,8.2,8.2,8.05
8/24/12,8.16,88665780,8.12,8.21,8.03
8/23/12,8.15,98588920,8.22,8.27,8.12
8/22/12,8.22,140120900,8.14,8.32,8.12
8/21/12,8.19,190450400,8.25,8.4,8.16
8/20/12,8.15,100081400,7.98,8.19,7.98
8/17/12,8,138197500,7.97,8.12,7.94
8/16/12,7.93,78022540,7.89,7.96,7.83
8/15/12,7.87,73240030,7.75,7.87,7.73
8/14/12,7.78,104461600,7.78,7.9,7.74
8/13/12,7.72,58169710,7.72,7.83,7.68
8/10/12,7.74,50181710,7.66,7.76,7.63
8/9/12,7.72,58910060,7.68,7.76,7.67
8/8/12,7.67,73209490,7.58,7.77,7.57
8/7/12,7.67,119181100,7.71,7.85,7.66
8/6/12,7.64,112447000,7.45,7.68,7.44
8/3/12,7.43,129899700,7.3,7.49,7.27
8/2/12,7.18,112656800,7.12,7.26,7.1
8/1/12,7.22,96967510,7.35,7.36,7.21
7/31/12,7.34,85711220,7.28,7.34,7.21
7/30/12,7.28,74577500,7.28,7.38,7.26
7/27/12,7.31,145897900,7.2,7.4,7.14
7/26/12,7.17,120630800,7.22,7.24,7.11
7/25/12,7.07,116874900,7.11,7.161,7.01
7/24/12,7.04,137889800,7.16,7.18,6.97
7/23/12,7.09,168085900,6.94,7.15,6.9
7/20/12,7.07,160141300,7.205,7.21,7.06
7/19/12,7.26,260236400,7.56,7.65,7.12
7/18/12,7.53,253627600,7.88,7.93,7.5
7/17/12,7.92,126093000,7.92,7.93,7.75
7/16/12,7.81,109259300,7.925,7.96,7.77
7/13/12,7.82,176670100,7.56,7.83,7.55
7/12/12,7.48,106841200,7.53,7.55,7.43
7/11/12,7.63,128425300,7.49,7.69,7.45
7/10/12,7.48,101339400,7.65,7.67,7.4
7/9/12,7.56,86839220,7.63,7.7,7.53
7/6/12,7.66,116451400,7.69,7.8,7.65
7/5/12,7.82,119895500,8.03,8.06,7.82
7/3/12,8.06,57655360,8.06,8.12,8.01
7/2/12,8.05,152450000,8.2,8.21,7.87
6/29/12,8.18,258214100,8,8.2,7.95
6/28/12,7.74,132710600,7.62,7.75,7.53
6/27/12,7.77,110931100,7.68,7.82,7.61
6/26/12,7.615,129613500,7.65,7.68,7.48
6/25/12,7.6,151265900,7.735,7.74,7.56
6/22/12,7.94,142207400,7.965,8.01,7.79
6/21/12,7.82,224528500,8.11,8.17,7.8
6/20/12,8.14,213028500,8.16,8.22,8.02
6/19/12,8.11,248356500,7.88,8.2071,7.86
6/18/12,7.76,139804900,7.77,7.91,7.73
6/15/12,7.9,210708900,7.72,7.9,7.55
6/14/12,7.66,157102800,7.52,7.69,7.4459
6/13/12,7.5,161710400,7.4,7.61,7.35
6/12/12,7.49,147772100,7.32,7.5,7.22
6/11/12,7.28,204136600,7.72,7.77,7.28
6/8/12,7.56,233616400,7.35,7.58,7.2
6/7/12,7.42,275880500,7.81,7.9,7.38
6/6/12,7.64,355791300,7.24,7.77,7.18
6/5/12,7.1,146812500,6.91,7.14,6.9
6/4/12,6.9,163124300,7.1,7.1,6.85
6/1/12,7.02,240207400,7.12,7.19,6.94
5/31/12,7.35,202371300,7.21,7.37,7.04
5/30/12,7.2,206187000,7.33,7.41,7.1
5/29/12,7.44,159177400,7.28,7.45,7.22
5/25/12,7.15,108518500,7.07,7.25,7.07
5/24/12,7.14,205781600,7.26,7.33,7.01
5/23/12,7.17,192232300,6.9,7.17,6.85
5/22/12,6.98,220935800,6.92,7.15,6.86
5/21/12,6.83,229560600,7.03,7.11,6.72
5/18/12,7.02,223681000,7.01,7.03,6.89
5/17/12,6.98,240802700,7.1,7.25,6.93
5/16/12,7.11,215517300,7.4,7.47,7.08
5/15/12,7.3,200836800,7.37,7.55,7.25
5/14/12,7.35,169915200,7.37,7.52,7.35
5/11/12,7.55,245138200,7.48,7.77,7.41
5/10/12,7.7,154777700,7.91,7.94,7.67
5/9/12,7.73,174285600,7.67,7.82,7.65
5/8/12,7.79,180042300,7.87,7.9,7.69
5/7/12,7.96,167337800,7.71,8,7.66
5/4/12,7.74,194200600,7.9,7.92,7.7
5/3/12,8,204116500,8.175,8.18,7.91
5/2/12,8.16,135595900,8.21,8.23,8.12
5/1/12,8.31,177599900,8.11,8.4,8.08
4/30/12,8.11,137203400,8.22,8.24,8.04
4/27/12,8.25,107272100,8.34,8.34,8.19
4/26/12,8.27,130099400,8.19,8.4,8.17
4/25/12,8.26,164614200,8.3,8.35,8.17
4/24/12,8.21,190701800,8.25,8.27,8.1
4/23/12,8.18,255300000,8.02,8.3,7.95
4/20/12,8.36,275972900,8.78,8.78,8.33
4/19/12,8.77,348242700,9.16,9.17,8.67
4/18/12,8.92,159403700,8.88,9,8.84
4/17/12,8.92,192329300,8.965,9,8.87
4/16/12,8.79,216736900,8.87,8.93,8.62
4/13/12,8.68,281299400,9.08,9.08,8.68
4/12/12,9.17,222758100,8.93,9.18,8.91
4/11/12,8.86,250465500,8.78,8.91,8.72
4/10/12,8.54,375298100,8.97,9.09,8.5
4/9/12,8.93,210700300,9.04,9.04,8.83
4/5/12,9.23,180396600,9.14,9.4,9.11
4/4/12,9.2,227061000,9.35,9.36,9.15
4/3/12,9.49,189824000,9.67,9.67,9.41
4/2/12,9.68,178590400,9.54,9.78,9.41
3/30/12,9.57,249779900,9.61,9.64,9.35
3/29/12,9.53,252680700,9.63,9.68,9.43
3/28/12,9.75,233584300,9.62,9.78,9.58
3/27/12,9.6,249013300,9.865,9.9,9.58
3/26/12,9.93,240721500,10.01,10.04,9.85
3/23/12,9.85,282969500,9.47,9.85,9.4
3/22/12,9.6,263876200,9.66,9.77,9.52
3/21/12,9.82,326076600,9.96,10.03,9.7389
3/20/12,9.81,450960300,9.63,9.97,9.59
3/19/12,9.53,665820300,9.78,10.1,9.51
3/16/12,9.8,580420200,9.41,9.8,9.33
3/15/12,9.24,487689000,8.98,9.25,8.85
3/14/12,8.84,487359600,8.66,8.9,8.56
3/13/12,8.49,384763800,8.07,8.5,8.05
3/12/12,7.99,164765400,8.01,8.06,7.91
3/9/12,8.05,194945100,8.115,8.19,8.01
3/8/12,8.06,160016500,8.07,8.12,8
3/7/12,8.02,327721000,7.81,8.02,7.77
3/6/12,7.71,262358100,7.78,7.79,7.66
3/5/12,7.97,195835600,8.09,8.13,7.95
3/2/12,8.13,143547400,8.11,8.21,8.095
3/1/12,8.12,197286100,8.09,8.17,8.05
2/29/12,7.97,266167200,8.16,8.24,7.97
2/28/12,8.12,192751900,8.05,8.15,8
2/27/12,8.04,297864700,7.79,8.05,7.67
2/24/12,7.88,162548000,8.05,8.09,7.88
2/23/12,8.02,143405900,7.97,8.05,7.9
2/22/12,7.95,228780100,8.06,8.13,7.95
2/21/12,8.11,332530000,8.025,8.2,8
2/17/12,8.02,354427900,8.04,8.08,7.92
2/16/12,8.09,336592900,7.71,8.13,7.66
2/15/12,7.78,371138600,8.01,8.12,7.77
2/14/12,7.98,384430300,8.15,8.17,7.95
2/13/12,8.25,307522800,8.27,8.31,8.21
2/10/12,8.07,253893800,8.05,8.12,7.98
2/9/12,8.18,479107300,8.31,8.35,8.1
2/8/12,8.13,433036500,7.96,8.15,7.93
2/7/12,7.85,252886500,7.95,7.99,7.8
2/6/12,7.97,235765200,7.785,7.97,7.77
2/3/12,7.84,363590500,7.66,7.89,7.63
2/2/12,7.45,231784300,7.43,7.49,7.33
2/1/12,7.36,318017000,7.25,7.44,7.21
1/31/12,7.13,212517400,7.17,7.19,7.05
1/30/12,7.07,230007000,7.13,7.15,7.02
1/27/12,7.29,230655800,7.21,7.35,7.2
1/26/12,7.3,265095400,7.45,7.5,7.23
1/25/12,7.35,248866000,7.2,7.37,7.15
1/24/12,7.29,227986400,7.11,7.35,7.06
1/23/12,7.25,339106900,7.13,7.37,7.11
1/20/12,7.07,236097200,6.95,7.08,6.83
1/19/12,6.96,489865200,7.21,7.29,6.745
1/18/12,6.8,300497800,6.5,6.8,6.46
1/17/12,6.48,293486500,6.63,6.82,6.44
1/13/12,6.61,336409200,6.49,6.69,6.41
1/12/12,6.79,360793800,6.99,7.02,6.66
1/11/12,6.87,352094800,6.6,6.9,6.52
1/10/12,6.63,353335700,6.44,6.66,6.44
1/9/12,6.27,239971500,6.26,6.37,6.19
1/6/12,6.18,299263300,6.21,6.3,6.06
1/5/12,6.31,545685000,5.75,6.35,5.71
1/4/12,5.81,242922200,5.71,5.88,5.62
1/3/12,5.8,245639700,5.75,5.89,5.74
12/30/11,5.56,176147900,5.39,5.58,5.37
12/29/11,5.46,166388700,5.29,5.48,5.28
12/28/11,5.285,145681300,5.45,5.46,5.27
12/27/11,5.48,158180000,5.55,5.58,5.46
12/23/11,5.6,190291300,5.54,5.63,5.47
12/22/11,5.47,301534800,5.26,5.51,5.21
12/21/11,5.23,203226500,5.18,5.25,5.1
12/20/11,5.17,238511300,5.11,5.22,5.04
12/19/11,4.985,343451500,5.2,5.22,4.92
12/16/11,5.2,226480900,5.31,5.42,5.16
12/15/11,5.26,195582800,5.33,5.37,5.2137
12/14/11,5.23,226142000,5.24,5.37,5.2
12/13/11,5.32,226229700,5.56,5.6,5.22
12/12/11,5.45,190761800,5.59,5.6,5.4
12/9/11,5.72,293087000,5.67,5.85,5.63
12/8/11,5.59,284802100,5.84,5.88,5.53
12/7/11,5.89,243547800,5.73,5.92,5.7
12/6/11,5.78,254260600,5.74,5.92,5.7
12/5/11,5.79,293107000,5.86,5.95,5.73
12/2/11,5.64,282592000,5.67,5.88,5.61
12/1/11,5.53,314717300,5.37,5.63,5.29
11/30/11,5.44,435393100,5.4,5.44,5.18
11/29/11,5.08,331962200,5.19,5.28,5.03
11/28/11,5.25,343919200,5.5,5.53,5.14
11/25/11,5.17,138425100,5.16,5.33,5.12
11/23/11,5.14,264646800,5.3,5.31,5.13
11/22/11,5.37,266696300,5.52,5.585,5.32
11/21/11,5.49,268548900,5.66,5.68,5.48
11/18/11,5.78,226575700,5.86,5.89,5.75
11/17/11,5.8,285311600,5.98,6.03,5.79
11/16/11,5.9,291366100,6.09,6.09,5.9
11/15/11,6.13,267776600,6.01,6.24,6
11/14/11,6.05,224935200,6.16,6.19,6.02
11/11/11,6.21,209684100,6.12,6.29,6.12
11/10/11,6.03,324588100,6.32,6.33,6.01
11/9/11,6.16,264609000,6.31,6.36,6.15
11/8/11,6.53,218599400,6.54,6.59,6.4